0,23.3195659646965012,63.4220864878871993,1,115.971432221769007,97.9263947875980989,278.073489377724002,21.6943129405408008,51.0913231155331999,199.316052577920004,2354.08112404267013,0,0,748.96348653426503,0,6.56047793231507015,0,27.7172196321182014,93.0031639020952952,11.5285967173836994,178.080316516032013,62.1982423509587008,541.83347447485005,280.556200675142975,2,73.5435610825091999,302.011668915521,0,21.3605279531834995,0,9.30056307974576946,18.7261622014082008,46.6040734002568016,65.154670451124602,120.569171844774999,0,0,84.7331718766609043,0,10.8125708434873005,0,9.6091535302393396,12.4871799804946004,127.345216031598,31.188470062140901,66.6856524786720968,4.82842712474618985,0,34.4618199534387983
35.0251792339140025,0,96.4792161857473047,149.282717630498013,964.547050160725007,65.5380723051592042,237.034787939716011,4.69041575982342973,15.2238096872920003,27.2097156697610991,112.639891411684005,46.818974303129302,10.0566061279055994,30.0481329771508996,149.505420367614988,3.1462643699419699,6.10905132370721038,0,8.61390374575215034,1.41421356237310003,50.0579896081911002,229.12561852708501,145.166509793075988,243.882028436431995,49.0794434323422024,255.495911394690012,8.1199297468753695,526.838835383077026,76.9008407216276026,95.8634026785754969,929.496873015180995,3.46410161513774995,132.920426871368988,42.4340460422969983,19.4607773797511996,2.23606797749978981,0,8.32247308899060023,66.3640390814958039,0,11.0471341098413003,0,4.35889894354067042,10.7126814316067005,110.834056415636994,22.6602340409367997,223.352133773441011,60.9720847668560992,236.849305729382991
15.1558709491469994,98.7159481699222994,0,99.0462686969382986,334.176761849780974,56.4085857298888982,842.864623891146039,30.6735506316510005,151.784225623801007,192.817552451061005,54.1513858031864004,217.232529580509009,19.4315244126978008,50.6882486207900982,246.802973425816987,10.1815405503520999,9.24264068711928033,50.9929317394698032,38.6863929983095005,38.1961047933899991,170.100379510744006,135.17897542060399,240.141602268202007,269.991392101385998,16.8371823450040985,551.92491872750395,4.58257569495583983,70.8706909018807067,1027.97661963863993,38.6614487694752995,141.363371192232989,38.3536379816082018,1598.93822326648001,250.828121687902012,27.4932835672819991,96.9313618043138945,12.1590669174973005,21.3458069352540996,241.294657812563003,28.1968248827195005,6.23606797749978981,35.4676827361191016,7.22224253360607005,116.090118867778003,75.5625915012936957,105.269025342394002,281.746068425912995,25.6537304857372987,586.815405849889999
10.4142135623730994,73.9384521746061978,64.9162809200586963,0,253.522842224870004,39.4142511688569002,281.944745205986976,10.6568542494923992,21.2388431306942991,97.895125665371296,54.7975204583307018,161.878532701089,107.321380003089004,52.6728607986952966,372.133954571716004,3,1,12.4334612785225005,4.44948974278317966,5.61176740295155962,40.8541847673781007,119.977917975766999,112.798801996145002,158.447548141525004,6.69213042990245999,151.216831101063008,1.41421356237310003,87.3887785914448045,48.8604410502057007,84.4277995837673956,285.019860479636009,0,67.1377954438561062,18.4841461109089984,0,8.46410161513774995,8.48528137423856954,5.82842712474618985,25.7725195366995017,3.73205080756887986,0,0,2,1,71.4145506871393962,13.4594574178813993,28.0062552718243012,3.46410161513774995,176.667911300181004
50.8344984710536991,268.671870491202014,350.101136879985972,314.757086110166995,0,150.595380365870994,1250.99115662653003,59.6240190593978028,172.810037916191988,459.038991342602003,211.886029514696986,365.092068204801024,395.579728086440014,125.931853170715002,991.529233438805022,34.8372906166942968,21.2196894930866016,105.914877012481995,32.0403428651200031,11.0678288438276002,185.630203463436004,343.062782259393998,441.947885045552027,884.074972646882998,138.310378519283006,645.623946789265005,5.29150262212917966,236.887282678888994,612.345920654869019,162.213907416445011,1874.00605915324991,9.14142842854285043,808.624920874804047,131.206541275460012,6.65685424949237969,42.812272197502601,16.3732031309545008,21.0019735506994003,6.57649122254148022,27.4271074027154,6.61036598507972961,8.06225774829854913,2,19.1734871138102996,121.155554977142998,74.5150033033751953,349.532433505362008,54.9825779733795983,763.698526677575046
41.9266485771478017,22.0218472261077984,132.280646720419014,5.41421356237310025,28.2611923026477001,0,203.084945031697998,24.6339145919044995,166.236025336094997,66.6610747220440061,230.717556293959007,44.6538284241143018,0,171.955999890305009,18.6731005391360014,5.2426406871192901,0,95.6362220478231961,22.3249685842509002,0,1225.26985353092005,120.307446236879002,180.797144797441007,154.199387250682008,8.62637927530612991,117.542256570185998,42.614780811826698,3.46410161513774995,39.7442697627867005,0,12.7320508075688998,334.278281046321979,113.727927233234993,62.4861130671457019,45.2593488379027988,1,0,161.130756887862987,0,4.64575131106458983,7.07106781186547995,40.3345369528963005,4.7320508075688803,475.038530718393019,125.621080220218005,97.6728587149516017,112.667469074710993,18.7082869338697009,57.2439054035846979
172.546960375518012,170.980162260255014,732.266131443282006,229.420846577780992,623.55565353230304,399.530649282515014,0,214.151996630972008,555.411613045101035,630.83217158367404,451.16585776339798,567.750410292927995,139.596748686854994,447.935175053971989,663.031429598696946,89.8107768560717972,38.0385986574111001,260.396484700218991,111.730454066622002,17.0373973491763984,793.639493008515956,650.11711476008395,1007.93009039280003,1040.01068736104003,53.7608427446103008,1493.28818491417996,20.9063988360171997,93.9387031291720973,1227.42281826847989,78.6974844193275942,281.124882911952,121.406870364854001,2505.27385102895005,341.62306380358001,47.5789305916877012,34.5774067129133016,5.65685424949237969,84.3872031492582977,6.63103029313522985,56.3443951645520968,5.99070478491456981,47.7157483649328995,8.54473079663094914,217.600814397312007,330.790853552749979,284.404603389631973,624.455663935618986,30.3332890010246992,1389.87601389886004
12.9614813968156994,1,25.4534001593072006,2.4494897427831801,27.8254002051692986,0,55.1537033597793993,0,645.392609736290979,221.866968899793989,4.2426406871192901,0,0,102.679976955360999,0,20.0651723851321009,0,10.2173321818074001,2.64575131106458983,22.3363749493965997,104.537939998154002,14.1940342509592998,3.86370330515627014,1.41421356237310003,0,10.9967892573288992,3.41421356237309981,3.82842712474618985,39.0480507148882978,0,28.0605009104084999,5.1462643699419699,124.320644797198,307.827957473777019,14.5661978003558996,0,0,65.0592348072297,0,21.4168795699928012,0,1,1.41421356237310003,56.4646212904966021,16.7969405951886017,16.8929222269922015,22.8664784583508016,0,23.9050158444904
63.4066141278234028,21.9366829929331004,101.752313290448001,14.7772946630771997,692.011540639085979,62.7796315137849987,1539.20577479310009,766.076710996716997,0,3725.39715892107006,26.5086953328560995,25.0817632275219999,0,220.383902571430013,4.58257569495583983,63.4329401722535025,1.41421356237310003,39.3870303888502988,6.18154055035205996,15.3090476652765997,758.997794752115965,118.669092687349007,120.703271767980993,127.946465129920995,1,165.71286259283201,16.3774218058914016,34.5583164080776015,117.470460077688998,14.3601063821358004,767.426326849614952,72.7124980458623043,2324.98228650736019,4476.64575346373022,37.4264012061837974,21.2514359077161004,0,163.153223458514987,2,63.378480290870101,0,21.9800286829784,2,741.065463214965007,86.2462447491499944,121.308149950827001,227.410646467427,3.73205080756887986,196.185649026957009
254.883306413332008,19.8274940799615003,146.003283561039012,44.0951527455154988,174.136168587535991,46.1309432516873983,403.027387788928024,188.214594354407012,700.197131907866947,0,390.394488341673991,11.0453610171873002,0,440.555027740932019,3.16227766016837997,60.650261053303403,0,29.2727342263649994,46.0950859596351989,10.4594574178813993,401.900711895347001,234.071753461638991,80.0364401810170989,64.1792900578339953,0,472.780137134794018,75.9596719910663012,24.8166266255327983,156.063425387624989,19.8231574910564987,54.5342626563297017,21.0548352606790985,433.858726502679019,307.516301803561987,28.9296489587584986,1,0,209.222628223368986,0,58.9795851298921008,1.41421356237310003,34.9645386212698028,3.46410161513774995,200.044979699187991,173.650489537406997,43.4281852329059035,33.1282612466329027,5.29150262212917966,457.017154700697972
35.8802308489595987,31.3799238599108001,79.8982894188469999,20.3056526997978999,79.9542792059879019,1298.11107175143002,210.751084065762001,0,42.1616883933785971,49.607752001794502,0,10.1911471295571001,0,79.5010106263571998,42.5469061975839011,0,4.82842712474618985,19.8954469970913017,35.0510557967826983,0,629.468767955655949,57.3022164928907003,226.619764899312003,428.60243946476902,18.841120417157299,169.967806361673013,9.7772946630772104,2.73205080756887986,15.6641945484865008,0,10.0904808904438994,133.154013435093987,20.3987006819473002,28.4328976830924987,84.289531768682906,0,0,70.4246919785776981,0,1.73205080756888008,4.8989794855663602,1.41421356237310003,1.73205080756888008,155.779003567377003,27.8548711904063993,21.2280335606489992,56.8850150069302032,12.9614813968156994,17.1294166335875993
0,1.73205080756888008,77.2659313005235049,65.6929847379281995,224.852287316434996,291.405700369354975,817.114836620866981,0,7.81024967590665042,41.2528795641650987,28.7819726689759001,0,374.179843327476021,5.64575131106458983,781.324361574096997,1,244.193072579440013,704.05421058451202,24.3233491625452984,0,38.5516027531064012,11.5743938171610008,274.392951447730979,2044.68169464635002,18.6003759769396986,438.852156132050027,0,0,28.7665772865612013,7.7320508075688803,48.2739308802769003,0,64.8966655846807043,14.2909903743145001,0,134.489174677921,44.3309516643620967,0,21.9604116103162994,0,35.362726030262003,0,0,0,0,0,103.424752907650998,20.4455231422595993,82.7899679169835991
0,0,2,19.0550410182471985,564.65186249444298,0,81.2522681036598016,0,0,2.82842712474618985,0,1389.60323485120989,0,0,609.535615452047978,0,0,0,0,0,0,4.44948974278317966,0,50.9291864960135996,0,54.0247825894776028,0,0,0,6.32455532033675993,27.0168295543122987,0,6.55743852430200036,0,0,0,71.7025096499732939,0,6.32455532033675993,0,0,0,0,0,0,0,9.27361849549570039,0,0
61.4107808005241012,16.4241812374712985,65.6567649502521959,4.41421356237310025,18.2838593178422002,159.832636092428999,139.292219367016003,322.269687099932014,253.573092836790011,359.592643114001021,119.477366128963993,9.91740357944133066,0,0,23.9968690738816015,11.8414286694299999,0,29.8711047601255011,27.5483495191448,2.4494897427831801,567.728351920423052,87.0380074043000036,81.1539160361626983,41.2852439166257028,0,94.484757088045896,44.6557040517376009,4.41421356237310025,39.2994411726861017,0,7.47213595499957961,67.7298728574921967,124.950536268505999,148.235507645810003,68.7990753895817022,0,0,488.876237506869018,0,15.3513583499921005,1.41421356237310003,24.0844304524425006,3,313.609095603743015,62.0053194907776017,39.7342907888090977,23.9517403006553984,3.74165738677394,52.9650719167418984
4.47213595499957961,0,38.7911446263230033,144.590729853597992,225.440413715832989,81.4413026514177005,304.922684665909003,0,0,20.9284495364564016,69.1119764898811013,1766.67076019926003,491.041275427589994,0,0,0,31.5200995078840016,71.2257688236306024,0,0,7.07106781186547995,14.7986485869486994,344.802460948708017,414.031321481009002,5.31662479035539981,385.833206172473979,0,0,2,7.14142842854285043,28.1168204859534008,0,11.2538787235491995,0,0,510.576281366663011,172.571552969995992,0,1107.51904243829995,0,6.23606797749978981,0,0,0,0,0,13.8403066757557998,0,77.100633550358296
0,1,2.82842712474618985,0,8.5872072407554203,4.8783151775108502,23.6325480131771002,6.3823323474417597,82.9536441078564053,18.3382665871124999,2.82842712474618985,0,0,11.8304120494687997,0,0,0,1,0,2.4494897427831801,32.0373449949349975,6.89143913742475966,6.4737081943428203,9.89143913742475966,0,6.46410161513774995,0,4.46410161513774995,8.62348994499362931,1,10.1282422951450997,1,29.5583292303190994,40.8970012959297975,0,0,0,3,0,5.16227766016837997,1,0,0,6.16227766016837997,7.26936999555962959,3.73205080756887986,12.7920156810065997,4.74165738677394,4.2426406871192901
3.46410161513774995,12.8145527476482002,12.5205575546487005,4,13.2426406871192999,26.4755849008639998,43.6253198278254004,0,0,7.7459666924148296,17.7020981050007009,1202.42947990057996,13.8736709802545004,1.41421356237310003,87.0811564261552036,2,0,0,7.21110255092798003,0,2.41421356237309981,22.6733320005331009,45.1604613023724966,415.343577780039993,41.9530774078723994,31.2079385302166017,0,1.41421356237310003,2,0,4.64575131106458983,6.69213042990245999,11.4537802822976005,0,0,5.82842712474618985,2,1.73205080756888008,0,0,3.73205080756887986,0,0,0,0,6.59575411272515044,39.9663779788467011,2,8.27791686752937039
1.41421356237310003,2.4494897427831801,112.652537557989007,9.20575900191169971,20.0006022356653013,36.5461234531378025,117.860430784935005,7.96811878506867011,70.2801025809215929,33.1222673519058972,3.87298334620742013,78.0350041931069995,0,11.6909951665729004,1.41421356237310003,1.73205080756888008,0,0,0,0,139.027560325649006,11.8271827158419001,28.8432232199084986,23.2483940576180999,0,111.381078244937996,1.41421356237310003,0,57.3363694814222029,0,4.57649122254148022,46.4606584633518978,111.470940918658997,49.3942151062941974,7.59575411272515044,0,0,21.6251184000824992,0,4.41421356237310025,0,126.219797682714997,0,80.0216503013830049,1.73205080756888008,26.3914247293491009,20.7580317728934993,0,70.9433660709857037
120.503871138605007,7.07106781186547995,77.6118366113403937,2.41421356237309981,47.8544602249784035,104.298305560548002,211.48902417639701,1,5.8783151775108502,33.1489255546885033,242.845721501924999,18.6263396840306008,0,51.9809663100707979,2.23606797749978981,0,0,2.41421356237309981,0,0,71.2289588895629038,69.6003717886134012,276.84346736332401,242.918340904249987,2.82842712474618985,61.3489761553443032,28.9814484271153994,4.8783151775108502,5.59575411272515044,1,14.5923439102827999,3.73205080756887986,4.2426406871192901,11.9216256977827992,16.5158789827130015,0,0,6.57649122254146956,0,0,2,0,8.44948974278318055,15.2141544376666999,18.2426589730004984,14.1590669174973005,7.7320508075688803,3.74165738677394,3.60555127546399001
1,0,57.1646618658626977,0,214.756105703672006,1,498.425500959048009,62.6984934518421966,245.551706020977008,1226.6645066681599,1.73205080756888008,7.19615242270663025,0,26.8018693876568008,8.42614977317636082,102.181434375232001,2.4494897427831801,0,0,0,9.36308110070410926,0,5.46410161513774995,26.5728729343700003,0,22.021368804781801,0,0,58.1836229656342994,3,238.707591386230007,2,652.700809617960999,1373.18940311155006,3.96811878506867011,1.41421356237310003,0,46.0409116399501031,0,89.0032819697863005,0,1.73205080756888008,0,33.7412895248081028,2.4494897427831801,0,56.1701101366625011,0,29.7946816886263015
92.3911386834436996,51.4135380295312032,354.311228363511987,12.8690199624253996,55.1881233026575018,674.61609282919801,564.128167688172994,298.442133437820985,2118.36058287071,431.178812246253017,95.0996045784077069,153.337569142065007,0,748.863095994410969,23.2466686332857009,41.4872314281778003,2.4494897427831801,180.425050971450986,45.8206596473816035,0,0,551.92027153224501,298.831901030092013,160.269104388524994,0,406.041187226853026,121.232659502385005,12.9347711170217003,269.397265202245023,3.82842712474618985,19.4673160441532005,377.188981436712993,761.821829474670949,304.214922984584007,85.3806253578849947,0,0,937.898582076573007,0,67.6584719315597027,0,161.437119862792002,16.9551595387630982,1840.23031246459004,503.401882831701982,190.147309199813009,271.044578952545976,0,287.347682542166012
82.6867597592713963,206.83737847870799,208.285785884748009,110.896893420648993,203.429339713100006,367.964634802031014,631.87134649600705,7.82842712474618985,42.8102317907183973,159.685372997432012,428.346124839372976,88.9216732949748945,20.1968802722166991,113.627777977950004,288.485719421741976,7.82842712474618985,0,7.19615242270663025,20.9439666726403999,1,592.058342065054035,0,377.617738853180981,558.669563419166025,42.1965072967160992,270.008698248723022,26.0690326996226993,194.847720026372997,38.1242365639955025,121.319951523146997,224.080873345328996,136.152819530019002,90.8344325276732008,35.3909116078004971,149.787769777648009,4.44948974278317966,0,43.8574157956404989,149.819576956074002,9,8.87400787401180935,2.82842712474618985,9.03186597796777946,381.036361365643018,691.337233549911048,47.4910451874413013,158.37251285520199,71.7861180127796956,204.784390753657988
45.3455367837936976,59.796951786388,187.640794764987987,39.2010622874958017,160.351903877828988,470.363512482590011,574.736802742972031,23.6800188756815011,189.629418380856009,72.5258632823953064,272.67544706061301,115.388496320225002,13.7900876571113997,126.497516840174001,302.253140674395013,4.74165738677394,21.0285735650844003,99.7036874548517034,62.7651724705028968,0,782.39877347988795,154.501750192373009,0,422.553349558492016,11.2998151703988992,305.744205057443992,19.3463530568425988,7.28474357542406992,80.6906141770880936,0,19.4293325323114985,166.418359105625001,445.366921378596999,43.9638322825531986,43.8526948375620975,1.41421356237310003,0,60.7815201582452005,0,7.3131930479394498,4,15.3376020830329001,1.73205080756888008,254.385681981570997,77.8565890827760967,157.811043653214,252.763267842655011,11.9972188066314995,110.347997203035007
40.9924075130958983,162.514688933510001,220.316838963664992,112.678201756375003,318.149698884445002,555.827679023165047,890.73730437036204,17.3811614482423984,136.409227967345998,100.284249537145001,328.514594713351016,1203.68538282017994,198.431900815815993,74.644647916654904,464.738531372954981,15.0472287802309008,259.977322343625985,238.846875783846002,73.9056836484669049,0,567.212224984563022,409.801771235567003,509.786851499731995,0,451.757240874009028,572.846048656035009,1,51.9358686665748976,121.659857614090001,21.4981133897360017,169.781607917319008,221.413907995272012,609.362334796789014,48.7457803618475012,14.5166280414445996,12.6345796137660997,4.37780211863347013,14.8602931027139995,2,8.4241812374713394,21.2331599425647006,6.28719690858051017,1.41421356237310003,102.308370856511999,116.625019072493004,187.330160752765011,833.465676649861052,79.7048423370740977,251.706027446148994
13.8615765867312,109.149175689963997,34.1856385007451991,33.4664010613630012,87.9156391484919055,151.967926112418013,148.572691711853992,6.60555127546398957,13.9738380632961992,10.5671960074559994,80.0109857498479045,27.5172672765606983,0,15.9780720952735003,23.3922214944733007,3.87298334620742013,23.8516510902312007,10.4322204002064005,16.2003080212687003,0,37.5877519108632967,217.608256874661009,103.383599670389998,891.127649609425021,0,101.373283713074997,0,34.164540827355097,13.4274105224014999,5.39834563766816977,34.9022309470288974,55.3712816608399976,88.6706978222394042,4.8989794855663602,0,1.41421356237310003,0,4.47213595499957961,0,0,7.09977128265605995,0,1.41421356237310003,16.0193330830190988,42.0891850208688965,60.2811686799792028,238.924052957978006,60.6557094367758012,10.5945416578848004
75.9233735677844948,273.649085373263972,693.26576891595505,360.553864743934014,903.998135117866013,325.47002507035802,1713.0842563896199,49.8422526895747993,112.910777716355,372.583791308462992,484.558762520437995,542.57027489139,182.066096761797013,231.394368411430008,1056.49438335421996,24.3928019701933998,13.8697726035364006,123.961580976841006,54.5289105079516006,12.8831150854596004,456.96098007864498,511.886765288332015,770.790252722931996,919.384579348365946,29.7720458464510003,0,14.7676383520986008,245.950608862605009,1258.0169041081399,155.351739742022005,547.440629413682018,16.8983492262597004,1690.81199819610993,93.4685511731805008,44.1768071232266024,79.3007386795327989,28.6152625551682007,39.7791547613843974,454.857406427417004,13.9806306240378007,10.8963220153442002,25.4490643375632004,5.38516480713450019,135.267082283122988,269.764534179902,60.4199015981649978,270.801709646150016,60.6862241032549008,1242.00834146583998
295.411524677739976,10.0386746704869996,23.5504587439051001,0,5.44948974278317966,7.56047793231507015,25.1995460899102,8.71477664211885994,8.49816534070746066,50.3492680463457987,71.3597179041988028,0,0,43.8232855830596009,0,2,0,3.86370330515627014,15.9023779756431995,6.16227766016837997,26.4800913794200987,41.5398059752252991,41.6945885916316001,10.2448280206308997,0,48.732814008731701,0,16.5737100291729007,24.0712248208329989,3.41421356237309981,88.9777671848825946,173.587498521935004,170.413460709333009,150.467227065944996,2574.13373382008012,18.2482875908947015,0,917.513757044372028,4.2426406871192901,0,0,37.6099297825121965,88.2435128653257976,281.605034449775019,88.6575892214784034,382.145651676759996,205.830966447802012,18.8530066721990011,73.6605787533980987
24.4689144262701994,400.606443717705986,38.9790615436807002,81.0564734645614067,677.466901205231011,2.82842712474618985,97.0711174438498006,3.41421356237309981,13.1423533417670999,43.2379951796874025,12.1962840875920993,3.74165738677394,0,14.5592335234107004,63.1839948326325,0,2.23606797749978981,0,5.2426406871192901,2.41421356237309981,33.8505450257484028,149.244250285712013,43.7011101667669024,160.286512656555999,72.1969264165273046,119.116431693124994,8.43346127852248983,0,50.0642471828724993,261.279515981630993,1097.58313463575996,49.1396469353582006,230.038110353846008,23.1066421835312994,106.219024248392003,32.6730730033699999,19.7238052947636007,36.3225819535733976,194.421814249709996,1,13.8550276936851002,3.1462643699419699,8.9842980738932301,36.8386183602197974,202.599389032051988,149.011509187320002,309.662328766966027,93.1691930194464959,244.135198934487988
8.66025403784439085,78.1474898822615955,897.167332715059047,94.0197451568217986,347.920672964412006,25.0333347677106985,1222.58358727541008,47.7670294208945023,152.248012431401008,546.107179897957053,16.151587847783901,176.322542212821986,21.4913836711489985,24.9461440213385011,129.076805122174989,27.0491590949056011,3.4494897427831801,37.0005845925333006,7.0696528906017404,56.1515313499376987,99.1733032304845068,100.509480998084996,78.8213596147938063,134.503640385490002,7.61176740295155962,625.953537534737052,24.7283019702130993,103.331563394433999,0,67.7469088907604942,368.824325472864984,61.109636057455397,804.584841592372982,340.901673593915973,83.1057569570083956,163.193675183654989,27.8510636477810998,64.213041473997194,410.67389965144298,3.1462643699419699,20.4238926149732016,48.1828187522844971,26.0574125606203992,222.757418132838012,114.107001558966004,223.049419573058998,400.299391603104027,59.9975366757669022,536.574445473033052
13.3152601052512995,113.296259355369997,27.169583042171201,158.805328180510998,265.689811172333009,0,75.1980435677451027,2.41421356237309981,15.3160512039350003,13.2460356525979996,0,6.23606797749978981,2.23606797749978981,3.73205080756887986,2.82842712474618985,2,0,0,3.16227766016837997,3.16227766016837997,12.7865747041283004,140.686453919975008,20.2014759005486013,32.9389035777571024,9.99070478491456981,113.104029103127999,4.56047793231507015,114.386851395959994,65.5519070361514054,0,434.837767103600981,53.3829121742531996,438.579640731896973,147.213905399241014,130.001991320259009,91.403461891054306,128.111221751253993,61.5751075718247023,260.283894248964998,7.44948974278317966,2,10.8863495173727003,11.1698177996400005,53.412217783271899,157.549336237948012,202.370458114342995,344.063538746385973,19.3876109163834016,258.345120085307997
33.8785892361856966,199.650056886261012,616.886053154908041,190.633532543624995,1480.68479935521009,3.41421356237309981,839.502636329168013,31.4576771954296994,172.970060220535004,155.157334061743995,0,47.0716698125697022,8.83176086632784951,16.0342720738577995,3,26.1644765985885996,5.9777253642737298,2.82842712474618985,5.27791686752937039,11.3776929730587,54.1670901146427966,153.003615454210006,83.3234881959060942,300.121374945165996,63.8842402556200994,679.838795487396055,33.624750243012798,304.45504023487598,445.020607717790028,409.075704995465003,0,157.919506879546987,1521.36383122569009,538.697921057957046,366.247391902665981,357.167057986838984,529.687315518507944,201.59025665098801,996.774668995027014,43.8255391441634998,30.3087262529179995,90.1085320897346946,46.0665727366643978,301.916179727065014,281.832643340557979,535.308436973132984,1219.69131578178008,102.326251240184007,977.526826606684949
51.221918010074603,0,50.8263337406707976,9.33583926015585064,12.6263792753060997,281.943724987982989,109.640098613573002,37.2252682563167028,363.212212879881008,44.8843723505981984,37.9814174731136021,2,0,72.5664562504828012,34.8545147761033007,2.41421356237309981,2,75.4419405409783934,3.31662479035539981,7.3131930479394498,365.410319559464995,53.8156934254407986,81.2080933385900039,76.1913772956924049,6.23606797749978981,31.2372675320039015,51.0307308739321996,9.16255171482301023,84.6218212222791948,10.9681187850687003,26.0329478327006996,0,185.999173346669011,65.2015833495934061,273.518711139197023,17.0087552202578998,0,182.830494508160001,0,6,1.41421356237310003,57.585459756082102,22.1431247544953003,1177.97563021580004,69.1410391630580961,310.638307979734975,175.945482740227988,31.8349992405657005,100.369717719994995
39.100848666734997,101.497862199260993,1341.13391220021003,163.816216479157987,468.739993651866996,162.436197390312998,2322.92517899132008,134.621107568213006,633.803164060012023,285.58355515100601,30.7605060363705007,104.193422491320007,4.41421356237310025,56.1424891928337004,33.0582897620889966,40.0356981240882988,5.7320508075688803,50.3029013368734965,9.41421356237309936,28.1026746736905011,263.438512891078972,282.910254744261977,254.326836700014013,374.361835071792996,13.6409979682334992,1344.27136160581995,136.528169705148997,230.30885896460299,897.471858477331011,312.711300524542025,902.235219502918994,404.870234257143011,0,656.744466121235973,435.657071284127028,430.946785644862985,139.157589713914007,445.632182464713026,695.906830017269044,75.410850506857301,58.7395971391761975,206.553715566727988,70.5846903372128054,817.673378330625042,588.292001917051039,940.313264117115978,1298.5761548590599,145.200043410359001,1589.02070662652
49.9333648218978965,10.8079198256581996,112.471397998688005,19.9233618601039986,59.0488071832152031,11.2710674243657003,221.954776503408993,80.3406679138242055,527.833750078472008,205.577356455882011,27.0972389382108005,0,0,121.716887261292996,0,34.4324262503560021,0,21.1087094344377988,2.4494897427831801,1.41421356237310003,188.392846840835006,70.2103818946911957,19.2970618930822013,11.9735562313586001,2,282.683459990110975,172.341423972007988,14.5911099154688007,124.334027011092004,66.6312086035071047,266.708298651505004,71.8822973454617937,388.965630658262,0,360.080285382151999,77.0036741970132965,0,306.580258966696988,23.6244940816132996,52.915599442636001,0,44.1070582664682007,18.2408856115055009,465.978762277104011,184.310107817649993,129.374810057806002,133.225758335167995,3.23606797749978981,394.54572071809298
29.4110028197019986,0,12.9328390740702996,4.23606797749978981,6.92820323027550966,95.7199623954702048,29.5540014679340999,0,48.4712438623895991,14.0355350610303997,34.1689305076994998,4.47213595499957961,0,9.10634399227556024,12.4899959967968002,0,0,5.16227766016837997,2,0,71.9446280554764996,22.6298296302820994,39.3081426605805007,21.9362375701373011,0,3.87298334620742013,279.425608005611025,38.9285748355839019,51.9166668169565995,43.5047638800728009,91.1582021703076038,1475.44564826095007,245.346720083896003,141.786737644443008,0,0,0,114.854463794978003,16.3380939770989997,0,1,14.8417897653232007,122.274251097692996,659.375817704923975,136.087480324316004,272.948968803890011,390.173237724339003,62.6172038400145965,202.254361961564996
0,0,21.2344271094584016,19.2287565553229989,47.4653342990262033,1,72.2668384634446994,0,2,0,2.23606797749978981,176.682782454257989,21.5531384434329993,0,34.2593757394657032,0,98.1673427922513042,0,0,0,5,0,2.82842712474618985,155.906283762095001,21.0060036145258984,103.205689866693007,0,1.41421356237310003,119.117933437890002,9.85685386199257074,246.210523704283986,297.405295804126013,668.134921290538045,5.09901951359278005,20.006747104807399,0,493.396816617312027,9.35395524356395924,618.50989437019598,0,241.842041236902986,634.790699181440004,10.3472700093157997,3.41421356237309981,2.4494897427831801,238.988074269029994,2088.56032189650023,8.94427190999915922,429.4106229482
0,0,0,0,49.4480031333332022,0,21.9523852996376014,0,0,0,0,20.6443374882808008,28.2710574513201003,0,13.1655250605963996,0,1.73205080756888008,0,0,0,0,0,0,9.0805200359184095,0,1,0,0,0,0,502.77257081135599,0,27.8464191153710985,0,0,1314.39961276339,0,0,653.774599514812053,0,0,0,10,0,0,9.38083151964685946,121.632035568776004,15.8113883008418998,44.1147844882721003
38.2885519710971991,5.4772255750516603,61.5086872630196027,0,0,50.5913002032047032,66.1489243373876974,299.502018007542006,215.710488713177995,143.680884026845007,18.2198193570521987,3.1462643699419699,0,528.404641997488056,12.4807406984078995,0,0,25.2276262238185005,1.41421356237310003,17.9996621649327011,346.169590030361007,41.4315240212590012,20.944738792119999,14.5592654774746997,1.41421356237310003,56.4515403534750035,126.609585083593998,21.9121245046691016,60.9906551076411034,11.8284271247462005,42.5643499421485032,190.273935572602994,143.378456529028995,350.415693205669982,155.605199795717994,13.6770782520313006,0,0,6,2.73205080756887986,3,25.0532037091929993,40.3193183061547984,668.603410637217053,94.4687564021123052,104.214290781737006,38.0515683293336977,0,117.657954956439994
0,0,0,12.4096736459908996,42.7106686368325015,0,19.2653282463918991,0,0,0,0,176.168208220225011,83.3940729273545998,0,742.03204781092802,0,5.97469149468815974,0,0,0,0,0,0,9.69213042990246088,2,52.5822727232028981,0,0,31.3318269387198001,0,61.8729130989410976,92.641236311308603,148.196600354713013,0,45.5765721527518011,1919.27735111019001,437.396783239157003,30.2956290787500002,0,0,56.7657844969916994,49.0521360495229999,0,20.7665281974582001,0,224.498232713807994,241.654759564681996,0,364.608732941255028
0,8.01924771614939047,7.4737081943428203,2.82842712474618985,3.41421356237309981,0,26.2272998569056988,8.27791686752937039,63.8999895096858026,38.7699549072711989,0,0,0,2.82842712474618985,0,4.41421356237310025,0,1.41421356237310003,0,0,7.38740869783852983,13.3145661805847002,3.73205080756887986,4,1.41421356237310003,6.82842712474618985,0,5.76611453313858036,5.99678925732894008,4.41421356237310025,14.7558737630851997,0,20.8079266462309995,39.8299578690363987,0,0,0,7.1462643699419699,8.06225774829854913,0,0,0,0,14.2832335247985007,11.7082039324993996,0,3,1.41421356237310003,9.02457954745282009
0,2,10.5386735380568002,0,8.24264068711928921,1.41421356237310003,5.59575411272515044,5.27791686752937039,6.47417843581077967,0,3.16227766016837997,13.6776935470184995,3,0,12.1737122814078003,0,20.8609221117877013,0,0,0,12.5351694270032006,3.74165738677394,4,60.5955653452324015,13.5366310572456001,9.84767484089558032,0,18.2799635402909999,37.2886348024966026,0,36.9457978314161011,18.4854985955766011,86.9831747867957006,0,5.46410161513774995,967.702331141177979,7.84783538045135032,1,186.05575432485,0,0,6.4772255750516603,1,7.82842712474618985,9.99932417805393037,55.1507750233356973,448.038948309083992,87.0516502393791995,58.8522018571701011
0,0,50.8433681618098987,0,5,19.7167099773553005,57.6849085485261028,8.86370330515626925,68.0370973764682958,61.5008837875902969,0,1.73205080756888008,0,26.9201777779887017,0,2,0,130.209893660580008,0,7.04867559792428011,117.603548763134995,0,19.5587228567013014,8.27791686752937039,0,41.5730079241297972,0,2,98.2301890428029054,16.4318186368845005,42.8065421632863021,29.2519977933432997,128.011434791721996,22.7794287533324002,6.32455532033675993,36.3198162807479008,0,31.1503060498889006,1,3.1462643699419699,0,0,0,145.610853317049987,2,14.6475590344069992,26.2181818432005009,0,139.036967517221996
50.9707664480549028,9.36646442273683988,8.44948974278318055,2.23606797749978981,53.9926914680439012,5.46410161513774995,19.7933351671437983,3.46410161513774995,10,8.10634399227556024,34.9339035509328966,0,0,3.41421356237309981,0,0,0,0,13.6703308585173993,4.44948974278317966,18.0734251231445988,34.9512522291812999,25.6650504896587002,15.7241958676414999,2.82842712474618985,27.6566745303817001,126.122196575013007,14.1496593354207008,81.769009889553999,8.70016959263753975,119.450717317832002,139.843327358442991,306.563847034516982,53.1054144094651974,318.880973386541996,72.344479851009595,0,89.271381302719206,10.7938503654070992,0,0,16.0245795474527988,0,110.993169705647006,54.2864513732343994,338.118094791799024,340.116601609364011,13.0101130406197001,112.266529208527999
83.7693021396205069,9.56047793231507015,249.939169574940991,17.9493829893762999,42.7897820104632984,156.008537856853991,420.035233782804994,204.399539877452014,1830.01227819862993,270.256750880370987,40.789574986961,76.4588980953612065,1,753.381464491057955,28.407990837796401,16.7558333475589016,0,176.094456499968999,3,23.1301722907438005,1564.05969125495994,285.716341723154017,124.849040573561993,113.817501498916997,0,301.520907586360011,160.207033504565004,27.7960059149873011,297.758806418535016,33.6138624430623025,125.257439562181005,776.599348551043022,450.528164506150006,523.649192506101031,205.13371487496201,3.41421356237309981,0,620.484866964877028,27.3077658764608984,33.2840648707557989,0,207.116896278470989,37.0041736563149968,0,249.392539447849003,348.863950703753005,158.520735094460008,0,335.337482256524027
65.7038994712676043,205.685484840578994,43.2577360819106005,109.973536174684995,161.65269560662,56.2817217105494976,110.898470165800006,16.5594701004415015,38.4711884890552014,17.9928183583185017,96.1597719238417028,0,0,27.1069026217111997,106.557859548501995,0,0,0,20.8164576400925014,6.05996487343769008,423.509701702539019,734.117334187527035,45.2328342650585995,106.198716225357003,43.2634070343246009,155.728009836734998,103.362127937433996,305.484069879582989,139.622912308265995,196.100740447800007,437.567216482781987,422.14687360155898,560.550648570178964,128.074107510785012,508.863762616279018,71.1480375775008014,28.8280843357509013,143.755966011645,318.776402318008991,8.86709827063502054,15.5590981416759,13.0646151280430001,41.5582229039637028,625.539276287938947,0,406.918706040799009,636.933524638305016,144.114827865536,284.829550967931027
11.8975628936602007,5.99070478491456981,103.251272901627999,28.8207223732134992,60.5082931786636991,165.383908951509,470.640913872302974,24.6785935287786984,215.676510584406003,36.8982270002114987,18.9167267470295002,26.802389661575301,0,32.1203722722925988,44.2390117295718994,3.96811878506867011,0,28.0087032692864,0,2,231.743486629300008,53.9814596418277972,181.333940279583999,113.655693887932998,1.41421356237310003,127.584068176756006,126.015565034613999,48.6038023023250005,219.500930516112987,63.9146378355438998,174.595563012605993,575.783726827968053,610.447786252414971,149.421003968028003,259.528732862583979,119.830023069034993,24.6031052996533006,143.028984012362002,215.580958753467002,6.59575411272515044,25.2531103098709018,89.750791624039806,80.3316460269195005,742.008079251369054,167.072220590920011,0,496.096188633060024,53.9426527883536977,392.288997090810994
13.4788451523778008,47.3423145558394012,455.531193531619977,70.1447181556377046,293.084886744165999,197.666410485554991,991.780862396551015,54.7751332135156019,182.760421997494007,60.4338930721556977,21.6232595584152989,87.6457368794757059,4.23606797749978981,24.0286795876486003,4.44948974278317966,10.5541190649796999,38.6132382569006012,11.6053606919301995,0,3.82842712474618985,178.217759097508008,129.489122723244009,164.993961220599999,882.627768767260022,134.963146022912014,494.050859809168003,41.6645258138664971,255.501530215913988,478.782722288413026,142.518550548712,634.017447677771997,500.153033153022022,1576.56759182806991,211.929067317001994,312.065291774822981,1277.3017046274399,165.890096403913986,124.248523015304997,406.943843900317006,22.1457243751144013,338.294875045259005,219.771526877257003,77.587734928081403,625.575030587256947,372.269320022656018,751.246587288145975,0,813.126301595240989,895.533883146365042
1.41421356237310003,23.7710045357818984,29.1540076232756,3,25.3908260480892984,27.4964671427955984,60.8761579439289022,11.1941734374830997,35.2465738650971971,10.2318822897480999,12.9614813968156994,0,0,18.2486783053962007,0,1.41421356237310003,1,0,0,0,34.6869442995908983,15.4467085494146001,34.9951905683198987,189.555208278565004,65.7487069611707966,13.7828782748494998,3.16227766016837997,108.886390857928006,79.8370005988145977,23.3666428910958004,155.973865351847991,120.661093721322999,325.597377607984981,10.0644951022459992,50.8513805880205965,12.7866444324368,0,26.8298432398899003,0,2.82842712474618985,71.2083345700000052,6.10462932219652998,5.74456264653803039,67.1177121928157021,79.1054816222617063,189.808610831291986,1011.33324612265005,0,90.7185804939846037
32.9466074050143973,213.666279968287,1169.32353710186999,214.85418682465999,632.015613335560033,14.9702682971767,1364.94628438088989,37.8946489559456978,88.0093826936458044,65.1549066325192996,58.8495592118285984,149.994990939865005,30.2807756495272002,16.2111025509280005,230.916280358378003,18.645592433716299,9.19493996786624912,27.2316245672457988,10.5671960074559994,21.1774118041409984,133.088512873690007,285.225921400746984,69.7873364866481012,207.543734897038007,27.9557125122159995,1185.98999250041993,51.8575237522684986,325.48999518764299,638.078661893077992,372.446943482818028,1094.24285390239993,281.762822683997001,1792.7007921992099,411.491291877992978,554.999175944907961,458.231627103329004,196.44497233106901,274.077925126787989,1279.0018959521301,29.2736774931120998,28.105060649096,88.237605648020093,60.8964706563318003,357.493358305505012,447.057784963221991,812.900030014336949,1196.05856198786,102.720671938574,0
